City_ID,City,Lat,Lng,Max Temp,Humidity,Cloudiness,Wind Speed,Country,Date
0,Lubang,13.8584,120.124,79.36,85,100,17.6,PH,1732995926
1,Udachny,66.4167,112.4,-29.16,100,96,3.06,RU,1732995927
2,Yar,58.249,52.1026,30.07,94,98,9.22,RU,1732995928
3,Blackmans Bay,-43.0167,147.3167,60.46,96,100,7.16,AU,1732995929
4,Waitangi,-43.9535,-176.5597,53.82,77,13,11.99,NZ,1732995862
5,Adamstown,-25.066,-130.1015,73.24,81,58,16.24,PN,1732995932
6,Española,35.9911,-106.0806,49.06,24,39,3.96,US,1732995613
7,Grytviken,-54.2811,-36.5092,37.78,83,44,11.7,GS,1732995934
8,Hamilton,39.1834,-84.5333,34.5,41,0,12.66,US,1732995901
9,Ribeira Grande,38.5167,-28.7,61.2,63,40,5.75,PT,1732995936
10,Vorgashor,67.5833,63.95,13.71,95,100,11.86,RU,1732995937
11,Papatowai,-46.5619,169.4708,57.07,53,3,11.79,NZ,1732995939
12,Port-aux-Français,-49.35,70.2167,43.61,94,78,32.57,TF,1732995940
13,Saint Paul Harbor,57.79,-152.4072,27.91,74,75,4.61,US,1732995942
14,Gibraleón,37.3763,-6.969,64.6,81,100,4.45,ES,1732995943
15,Tiksi,71.6872,128.8694,-10.53,100,92,4.16,RU,1732995944
16,Bethel,41.3712,-73.414,35.33,55,100,8.05,US,1732995945
17,Whitehorse,60.7161,-135.0538,-24.83,75,0,0.0,CA,1732995947
18,Richards Bay,-28.783,32.0377,66.56,82,2,4.76,ZA,1732995773
19,Okhotsk,59.3833,143.3,21.58,86,100,13.22,RU,1732995949
20,Albany,42.6001,-73.9662,32.4,63,100,1.99,US,1732995188
21,Klyuchi,52.2667,79.1667,4.37,97,19,4.63,RU,1732995951
22,Puerto Natales,-51.7236,-72.4875,52.25,58,40,26.46,CL,1732995952
23,Northam,51.0333,-4.2167,57.61,90,80,20.31,GB,1732995953
24,Utrik,11.2278,169.8474,82.35,81,81,25.05,MH,1732995955
25,Hadibu,12.65,54.0333,77.77,72,100,11.39,YE,1732995956
26,Ilulissat,69.2167,-51.1,12.22,67,75,2.3,GL,1732995957
27,Saipan,15.1355,145.701,83.1,83,20,11.5,MP,1732995958
28,Arraial do Cabo,-22.9661,-42.0278,80.46,89,40,12.66,BR,1732995959
29,Talnakh,69.4865,88.3972,9.72,83,100,17.29,RU,1732995960
30,Qaqortoq,60.7167,-46.0333,16.97,62,100,9.13,GL,1732995961
31,Pathein,16.7833,94.7333,71.6,86,45,4.25,MM,1732995963
32,Sturgeon Bay,44.8342,-87.377,25.16,54,0,13.8,US,1732995964
33,Bandar-e Lengeh,26.5579,54.8807,70.66,27,0,7.67,IR,1732995965
34,Koné,-21.0595,164.8658,77.68,67,1,3.53,NC,1732995966
35,Hermanus,-34.4187,19.2345,64.8,79,78,8.1,ZA,1732995967
36,Dickson,36.077,-87.3878,44.2,36,75,8.05,US,1732995924
37,Piti Village,13.4626,144.6933,79.0,92,0,5.75,GU,1732995970
38,Port Alfred,-33.5906,26.891,64.18,86,100,3.76,ZA,1732995971
39,Fada,7.25,4.0667,88.47,29,39,5.75,NG,1732995972
40,Port Saint John's,-31.6229,29.5448,67.82,86,4,3.27,ZA,1732995973
41,Touros,-5.1989,-35.4608,79.0,71,15,11.56,BR,1732995974
42,Kerikeri,-35.2268,173.9474,62.92,95,100,5.06,NZ,1732995975
43,Tazacorte,28.629,-17.9293,71.15,56,0,8.01,ES,1732995976
44,Yellowknife,62.456,-114.3525,-3.48,84,100,6.91,CA,1732995978
45,High River,50.5834,-113.8687,8.31,90,61,3.6,CA,1732995979
46,Puerto Ayora,-0.7393,-90.3518,71.89,79,70,10.63,EC,1732995980
47,Iqaluit,63.7506,-68.5145,24.53,68,100,12.66,CA,1732995981
48,Fukuechō,32.6881,128.8419,57.22,57,44,5.91,JP,1732995982
49,Bilibino,68.0546,166.4372,-0.17,100,100,3.22,RU,1732995901
50,Carutapera,-1.195,-46.02,84.54,63,33,7.56,BR,1732995985
51,Badger,64.8,-147.5333,-10.82,80,0,3.44,US,1732995988
52,George Town,5.4112,100.3354,76.96,87,40,3.44,MY,1732995353
53,Myrina,39.8797,25.0742,56.44,94,75,17.27,GR,1732995990
54,Bucharest,44.4323,26.1063,42.93,92,100,20.71,RO,1732995809
55,Haiku-Pauwela,20.9219,-156.3051,75.33,70,20,18.01,US,1732995993
56,Port Elizabeth,-33.918,25.5701,65.32,92,0,2.3,ZA,1732995995
57,Polyarny,69.1989,33.4478,19.42,81,93,20.76,RU,1732995996
58,Chibougamau,49.9168,-74.3659,22.62,86,100,9.22,CA,1732995997
59,Punta Arenas,-53.15,-70.9167,50.11,76,75,23.02,CL,1732995823
60,Mahajanga,-15.7167,46.3167,78.82,94,40,3.44,MG,1732995999
61,Lihue,21.9789,-159.3672,72.99,83,20,5.75,US,1732996000
62,Karatau,43.1667,70.4667,39.76,92,100,1.88,KZ,1732995877
63,Stanley,54.868,-1.6985,50.9,91,20,12.66,GB,1732996003
64,Borrazópolis,-23.9411,-51.5875,85.28,64,100,1.66,BR,1732996004
65,Uliastai,47.7417,96.8444,7.48,75,97,4.74,MN,1732996005
66,Verkhnevilyuysk,63.4453,120.3167,-26.97,98,92,5.57,RU,1732996006
67,Lázaro Cárdenas,17.9583,-102.2,83.8,62,0,11.36,MX,1732996007
68,Puli,23.9664,120.9695,54.64,63,14,5.61,TW,1732996008
69,Aasiaat,68.7098,-52.8699,-1.55,100,95,5.19,GL,1732996010
70,Al Ghayzah,16.2079,52.176,78.03,63,4,3.13,YE,1732996011
71,Camapuã,-19.5314,-54.0439,90.93,48,100,2.08,BR,1732996012
72,Bloomingdale,27.8936,-82.2404,66.07,57,0,8.05,US,1732996013
73,Levuka,50.1834,-105.4011,-0.69,85,93,6.67,CA,1732996014
74,Bredasdorp,-34.5322,20.0403,64.65,74,64,6.69,ZA,1732996015
75,Suntar,62.1444,117.6319,-32.75,100,52,2.48,RU,1732996016
76,Nagqu Prefecture,31.5,92.0,18.09,33,81,0.4,CN,1732996019
77,Ust-Tsilma,65.441,52.1498,21.25,85,100,11.56,RU,1732996020
78,Thompson,55.7435,-97.8558,10.56,79,75,6.91,CA,1732996021
79,Cox’s Bāzār,21.4532,91.9798,71.74,85,75,11.07,BD,1732996022
80,Lautoka,-17.6167,177.4667,76.86,78,40,4.61,FJ,1732996023
81,Santa Rosalía,27.3167,-112.2833,71.74,38,100,7.61,MX,1732996024
82,Hawaiian Paradise Park,19.5933,-154.9731,76.23,77,40,3.44,US,1732996026
83,Afaahiti,-17.75,-149.2833,78.57,82,42,12.68,PF,1732996027
84,Cologne,50.9333,6.95,39.27,77,0,9.22,DE,1732995828
85,Loango,-4.6719,11.8312,78.1,87,59,7.36,CG,1732996029
86,Holyhead,53.3062,-4.6321,55.4,88,75,23.02,GB,1732996030
87,Piñon Hills,34.4333,-117.6467,58.01,17,97,3.62,US,1732996031
88,Boa Vista,2.8197,-60.6733,93.18,43,75,5.75,BR,1732996025
89,Tazovsky,67.4667,78.7,15.91,91,100,19.84,RU,1732996034
90,Jatiroto,-7.8833,111.1167,74.52,96,100,2.24,ID,1732996035
91,Al Hārithah,30.7186,47.7208,46.36,53,0,9.22,IQ,1732996036
92,Susuman,62.7833,148.1667,8.38,96,100,1.34,RU,1732996037
93,Caleta de Carquín,-11.0925,-77.6267,71.35,80,69,11.9,PE,1732996038
94,Jamestown,42.097,-79.2353,27.01,66,100,20.71,US,1732996039
95,Quryq,43.2,51.65,39.42,79,96,8.1,KZ,1732996040
96,Dunedin,-45.8742,170.5036,58.41,48,0,2.62,NZ,1732995793
97,Brookings,44.3114,-96.7984,15.19,64,100,5.99,US,1732996043
98,Edinburgh of the Seven Seas,-37.0676,-12.3116,63.12,93,100,32.17,SH,1732996044
99,Mahon,39.8885,4.2658,57.76,82,40,3.44,ES,1732996045
100,Goldsboro,35.3849,-77.9928,46.2,30,0,12.66,US,1732996046
101,Meadow Lake,34.8014,-106.5436,47.17,27,100,7.87,US,1732996047
102,Naryan-Mar,67.6713,53.087,24.28,80,95,18.37,RU,1732996049
103,Ust-Nera,64.5667,143.2,-8.59,100,58,0.94,RU,1732996050
104,Tissemsilt,35.6072,1.8108,56.86,56,1,5.3,DZ,1732996051
105,Isangel,-19.55,169.2667,79.11,78,4,6.42,VU,1732996052
106,Chonchi,-42.6128,-73.8092,55.98,63,87,2.28,CL,1732996053
107,Weno,7.4515,151.8468,83.68,77,57,20.02,FM,1732996054
108,Loen,7.7601,168.2307,81.97,80,100,23.49,MH,1732996057
109,Messaad,34.1543,3.5031,58.14,50,0,6.76,DZ,1732996058
110,Kani Keli,-12.9536,45.1033,81.66,79,81,10.85,YT,1732996059
111,Alotau,-10.3069,150.4462,78.12,95,31,2.17,PG,1732996060
112,Minas de Marcona,-15.2119,-75.1103,69.55,63,100,16.64,PE,1732996061
113,Rosario de Mora,13.5753,-89.2089,85.08,51,0,12.66,SV,1732996062
114,Altai,46.3722,96.2583,11.17,68,93,2.84,MN,1732996063
115,Nizhniy Kuranakh,58.8353,125.4869,-5.6,99,100,3.44,RU,1732996065
116,Glace Bay,46.1969,-59.957,41.36,61,6,4.0,CA,1732996066
117,Vasyurinskaya,45.1181,39.424,33.69,80,20,10.02,RU,1732996067
118,Kyosai,34.8503,128.5886,47.05,68,9,6.8,KR,1732996068
119,Avarua,-21.2078,-159.775,78.85,73,20,12.66,CK,1732996069
120,Atafu Village,-8.5421,-172.5159,83.37,70,100,18.3,TK,1732996070
121,Lata,40.1629,-8.3327,58.32,75,100,3.98,PT,1732996072
122,Huangmei,30.1924,116.025,50.72,50,0,2.28,CN,1732996073
123,Yunak,38.8142,31.7322,34.27,73,17,3.53,TR,1732996074
124,Hithadhoo,-0.6,73.0833,80.35,81,100,19.19,MV,1732996075
125,Ouallam,14.3188,2.0866,73.63,14,65,9.37,NE,1732996076
126,Mil’kovo,55.6078,37.7956,34.95,63,100,8.03,RU,1732996077
127,Pemangkat,1.1667,108.9667,78.49,87,100,2.98,ID,1732996078
128,Enewetak,11.3474,162.3373,82.71,78,100,22.08,MH,1732996080
129,Sitka,57.0531,-135.33,28.29,59,20,5.75,US,1732996081
130,Torbat-e Jām,35.244,60.6225,41.25,65,59,7.4,IR,1732995834
131,Bakchar,57.0186,82.0711,14.7,97,85,3.15,RU,1732996083
132,Nagato,34.3833,131.2,52.43,68,100,8.32,JP,1732996084
133,Fort St. John,56.2499,-120.8529,-13.11,77,75,6.91,CA,1732996085
134,West Island,-12.1568,96.8225,78.78,94,100,3.44,CC,1732996008
135,Walvis Bay,-22.9575,14.5053,60.82,85,4,5.48,NA,1732996088
136,Mata-Utu,-13.2816,-176.1745,81.64,76,100,6.78,WF,1732996089
137,Bhamo,24.2667,97.2333,63.39,65,100,1.16,MM,1732996090
138,Ushuaia,-54.8,-68.3,49.66,57,75,27.63,AR,1732996091
139,Iskateley,67.6803,53.1512,24.37,81,94,18.21,RU,1732996092
140,Kupang,-10.1667,123.5833,81.18,94,100,3.44,ID,1732996093
141,Igarka,67.4667,86.5833,9.77,80,100,24.2,RU,1732996094
142,St. John's,47.5649,-52.7093,39.13,95,100,9.22,CA,1732996096
143,Plastun,44.7561,136.2939,20.52,60,1,8.59,RU,1732996097
144,Mount Pearl,47.5166,-52.7813,38.71,95,100,9.22,CA,1732996098
145,Xilin Hot,43.9667,116.0333,23.67,81,57,13.42,CN,1732996099
146,Keïta,14.7551,5.7749,68.38,17,98,8.25,NE,1732996100
147,Lebu,-37.6167,-73.65,60.03,73,0,13.87,CL,1732996101
148,Ta`ū,-14.2336,-169.5144,82.06,78,100,14.83,AS,1732996102
149,Mocímboa,-11.3167,40.35,74.98,91,100,14.07,MZ,1732996104
150,Mejit,10.2753,170.8646,82.26,81,100,25.68,MH,1732996105
151,Sangmélima,2.9333,11.9833,76.93,61,99,1.72,CM,1732996106
152,Santa Elena de Uairen,4.6167,-61.1333,78.49,53,78,5.82,VE,1732996107
153,Yorkton,51.2167,-102.4677,-5.96,84,0,5.75,CA,1732996108
154,Aykhal,66.0,111.5,-24.45,100,98,3.31,RU,1732996109
155,Ivdel',60.6911,60.4206,28.09,84,15,8.21,RU,1732996110
156,Kudahuvadhoo,2.6708,72.8944,82.17,71,15,20.29,MV,1732996112
157,Gorontalo,0.5412,123.0595,75.18,97,100,3.69,ID,1732996113
158,Mildura,-34.2,142.15,59.07,91,0,7.4,AU,1732996114
159,Anadyr,64.75,177.4833,30.0,86,40,29.08,RU,1732996115
160,Ad Dabbah,18.05,30.95,65.37,27,13,10.0,SD,1732996116
161,Hasaki,35.7333,140.8333,54.82,57,0,10.27,JP,1732996118
162,La Sarre,48.8002,-79.1996,24.3,92,100,6.35,CA,1732996120
163,Gloucester Point,37.254,-76.4969,43.5,40,0,17.27,US,1732996121
164,Coquimbo,-29.9533,-71.3436,62.98,63,20,12.66,CL,1732996122
165,Edd,13.9297,41.6925,80.96,74,5,9.33,ER,1732996123
166,Port Mathurin,-19.6833,63.4167,76.01,81,87,20.36,MU,1732996124
167,Sollefteå,63.1667,17.2667,28.26,96,82,2.33,SE,1732996125
168,Westport,41.1415,-73.3579,37.65,47,20,10.0,US,1732995709
169,Capri,40.5507,14.2426,48.6,66,40,5.75,IT,1732996128
170,Bodø,67.28,14.405,28.51,70,100,18.41,NO,1732996129
171,Petropavlovsk-Kamchatskiy,53.0452,158.6483,32.59,100,75,4.47,RU,1732996130
172,Ain Sukhna,29.6002,32.3167,60.15,77,3,4.68,EG,1732996131
173,Wailua Homesteads,22.0669,-159.378,76.12,85,20,5.75,US,1732996132
174,Vitória da Conquista,-14.8661,-40.8394,75.04,78,100,5.7,BR,1732996133
175,Isafjordur,66.0755,-23.124,19.31,85,98,30.82,IS,1732996134
176,Margaret River,-33.95,115.0667,60.55,82,100,9.84,AU,1732996136
177,Lorengau,-2.0226,147.2712,80.49,71,100,2.71,PG,1732996137
178,East London,-33.0153,27.9116,67.78,76,100,5.53,ZA,1732995888
179,Vogošća,43.9019,18.3481,32.88,100,100,5.01,BA,1732996139
180,Gunjur,13.2019,-16.7339,81.64,52,0,11.36,GM,1732996140
181,Luwuk,-0.9516,122.7875,73.9,86,77,4.09,ID,1732996141
182,Yuzhno-Kurilsk,44.0306,145.8556,36.3,63,51,15.84,RU,1732996142
183,San Antonio de Palé,-1.4014,5.6325,79.3,85,100,10.54,GQ,1732996144
184,Dalandzadgad,43.5708,104.425,26.49,40,52,23.33,MN,1732996145
185,Pangai,-19.8,-174.35,76.96,90,100,18.9,TO,1732996146
186,New Norfolk,-42.7826,147.0587,60.71,100,100,1.63,AU,1732996147
187,San Felipe,10.3399,-68.7425,82.99,69,100,4.29,VE,1732996148
188,Gadzhiyevo,69.2551,33.3362,19.17,82,81,22.08,RU,1732996149
189,Formosa,-26.1775,-58.1781,93.18,62,100,8.05,AR,1732996150
190,Kolyshley,52.7005,44.5367,21.99,100,99,4.76,RU,1732996152
191,Al Khārijah,25.4514,30.5464,60.03,62,0,7.49,EG,1732996153
192,Kuruman,-27.4524,23.4325,73.74,11,0,6.44,ZA,1732996154
193,Laojunmiao,39.8333,97.7333,23.74,31,18,10.2,CN,1732996155
194,Mahina,-17.5065,-149.489,85.77,74,20,11.5,PF,1732996156
195,Naracoorte,-36.9579,140.7383,58.89,97,100,10.42,AU,1732996157
196,Yueyang,29.3333,113.0919,52.66,57,0,5.77,CN,1732996158
197,Fortuna,40.5982,-124.1573,49.12,71,0,3.44,US,1732996111
198,Karratha,-20.7377,116.8463,78.85,73,7,12.17,AU,1732996161
199,Panabá,21.2833,-88.2667,83.34,57,4,7.0,MX,1732996162
200,Lincoln City,44.9582,-124.0179,45.5,84,59,8.01,US,1732996163
201,Sitia,35.2,26.0986,62.51,80,41,14.47,GR,1732996164
202,Trondheim,63.4305,10.3951,38.91,96,100,1.99,NO,1732996063
203,Nabire,-3.3667,135.4833,75.9,92,94,2.08,ID,1732996168
204,Tak,16.5833,98.8333,60.78,84,79,2.91,TH,1732996169
205,Antsiranana,-12.2787,49.2917,77.43,82,99,0.74,MG,1732996170
206,Harper,4.375,-7.7169,79.61,83,31,8.28,LR,1732996171
207,Saint-Philippe,-21.3585,55.7679,75.25,84,45,8.72,RE,1732996172
208,Tura,25.5198,90.2201,60.67,76,100,4.14,IN,1732996173
209,Puerto Francisco de Orellana,-0.4667,-76.9667,89.65,62,40,4.16,EC,1732996175
210,Sinabang,2.4803,96.3801,78.62,83,100,4.12,ID,1732996176
211,San Ignacio,17.1561,-89.0714,86.14,58,20,4.61,BZ,1732996177
212,Sauðarkrokur,65.7461,-19.6394,23.94,82,86,27.67,IS,1732996178
213,Kandahar,31.0,65.75,56.84,41,28,6.55,AF,1732996179
214,Huayin,34.5675,110.0921,45.48,37,0,3.8,CN,1732996180
215,Nantucket,41.2835,-70.0995,42.91,45,0,18.41,US,1732996181
216,Gewanē,10.1664,40.6453,79.56,36,91,9.01,ET,1732996183
217,East Ballina,-28.8667,153.5833,72.25,94,100,11.95,AU,1732996184
218,Longyearbyen,78.2186,15.6401,15.64,57,40,11.5,SJ,1732996186
219,Shitanjing,39.2342,106.3439,31.96,36,0,21.09,CN,1732996187
220,Tshabong,-26.05,22.45,81.0,8,0,5.12,BW,1732996188
221,Konark,19.9,86.1167,70.36,80,100,8.7,IN,1732996189
222,Mitsamiouli,-11.3847,43.2844,81.23,77,99,8.95,KM,1732996191
223,Madīnat ash Shamāl,26.1293,51.2009,69.33,57,0,21.47,QA,1732996192
224,Naze,28.3667,129.4833,56.32,71,36,4.9,JP,1732996193
225,Mbala,-8.8402,31.3659,62.62,90,100,9.01,ZM,1732996194
226,Molchanovo,57.5817,83.7692,8.6,98,70,4.09,RU,1732996195
227,Gisborne,-38.6533,178.0042,62.2,69,1,2.68,NZ,1732996196
228,Volosovo,59.4333,29.4833,40.66,86,100,15.48,RU,1732996198
229,Grand-Popo,6.2804,1.8225,81.73,57,94,7.09,BJ,1732996199
230,Dakhla,23.6848,-15.958,75.22,53,100,9.22,EH,1732996200
231,Estreito,-5.7833,-43.25,100.33,21,77,2.48,BR,1732996201
232,Valdivia,-39.8142,-73.2459,71.69,41,0,9.26,CL,1732996094
233,Farragut,35.8845,-84.1535,42.49,40,0,4.0,US,1732996203
234,Salinópolis,-0.6136,-47.3561,83.73,69,1,10.13,BR,1732996204
235,Rurrenabaque,-14.4413,-67.5278,93.09,55,40,11.5,BO,1732996206
236,Kapoeta,4.7717,33.5903,85.6,36,43,2.35,SS,1732996207
237,Egilsstadir,65.2653,-14.3948,28.31,93,100,29.93,IS,1732996208
238,Huizhou,23.0833,114.4,54.97,74,44,2.15,CN,1732996209
239,Cecerleg,47.475,101.4542,14.47,82,87,5.17,MN,1732996210
240,Stalowa Wola,50.5829,22.0533,39.85,74,100,1.99,PL,1732996066
241,Road Town,18.4167,-64.6167,84.24,70,40,10.36,VG,1732996213
242,Atherton,53.5237,-2.4935,55.02,92,100,3.0,GB,1732996214
243,Kununurra,-15.7667,128.7333,80.58,94,64,4.61,AU,1732996215
244,Mount Gambier,-37.8333,140.7667,58.39,99,100,5.19,AU,1732996216
245,San Andrés,12.5847,-81.7006,87.82,74,40,9.22,CO,1732996081
246,Khandyga,62.6667,135.6,-3.93,100,100,1.72,RU,1732996219
247,Keflavik,64.0049,-22.5624,27.03,74,75,27.63,IS,1732996220
248,Ubari,26.5921,12.7805,57.96,35,6,5.08,LY,1732996221
249,Mahibadhoo,3.7833,72.9667,81.91,75,100,18.75,MV,1732996223
250,Muisne,0.6,-80.0333,76.78,77,83,11.41,EC,1732996224
251,Las Vegas,36.175,-115.1372,58.73,24,0,5.75,US,1732996136
252,Rumbek,6.802,29.6912,78.94,33,95,4.25,SS,1732996226
253,São João da Barra,-21.6403,-41.0511,80.69,84,99,13.22,BR,1732996227
254,Şarkîkaraağaç,38.0794,31.3664,42.24,78,3,2.89,TR,1732996229
255,Saldanha,-33.0117,17.9442,62.65,83,5,22.15,ZA,1732995935
256,Geraldton,-28.7667,114.6,68.41,77,100,9.22,AU,1732996231
257,Ponta Delgada,37.7333,-25.6667,59.72,77,20,5.75,PT,1732996232
258,Hastings,50.8552,0.5729,53.28,53,33,11.92,GB,1732996233
259,Tanjung Selor,2.8372,117.3642,74.95,99,100,0.81,ID,1732996235
260,Vung Tau,10.346,107.0843,77.45,75,97,5.32,VN,1732996236
261,Warrenton,-28.114,24.8475,74.55,12,0,4.85,ZA,1732996237
262,Winterset,41.3308,-94.0138,22.55,26,78,7.07,US,1732996238
263,Semīrom,31.4167,51.5667,27.66,44,0,4.52,IR,1732996239
264,Benalup-Casas Viejas,36.3239,-5.769,64.18,57,94,4.18,ES,1732996240
265,Kavieng,-2.5744,150.7967,81.84,76,95,2.86,PG,1732996241
266,Champerico,14.3,-91.9167,82.27,60,13,6.64,GT,1732996243
267,Ambon City,-3.6954,128.1814,80.87,95,40,4.61,ID,1732996244
268,Przemków,51.5253,15.7944,33.91,92,9,4.25,PL,1732996246
269,Mossamedes,-15.1961,12.1522,72.01,79,31,6.51,AO,1732996247
270,Ţubarjal,30.4999,38.216,54.79,34,0,6.58,SA,1732996249
271,Fale old settlement,-9.3852,-171.2468,83.61,65,89,18.9,TK,1732996250
272,Ketchikan,55.3422,-131.6461,32.27,70,9,6.04,US,1732996252
273,Kuala Tungkal,-0.8167,103.4667,76.84,92,98,4.81,ID,1732996253
274,Holualoa,19.6228,-155.9522,72.86,88,40,0.0,US,1732996256
275,Darwin,-12.4611,130.8418,76.98,94,100,3.44,AU,1732996258
276,Lā‘ie,21.6477,-157.9253,79.05,76,68,5.01,US,1732996259
277,Fort Bragg,35.139,-79.006,49.71,23,0,10.36,US,1732996261
278,Colares,38.7992,-9.4469,62.92,80,20,3.44,PT,1732996262
279,Caraballeda,10.6112,-66.8522,87.87,62,100,12.66,VE,1732996264
280,Mitú,1.1983,-70.1733,79.9,77,86,3.87,CO,1732996266
281,Soto la Marina,23.7667,-98.2167,75.85,47,11,6.55,MX,1732996268
282,Piaçabuçu,-10.4056,-36.4344,79.74,69,76,11.3,BR,1732996270
283,Lauderdale by the sea,26.192,-80.0964,73.29,74,100,11.5,US,1732996272
284,San Fernando,15.0286,120.6898,76.73,84,100,4.32,PH,1732996273
285,Happy Valley-Goose Bay,53.3168,-60.3315,34.11,80,75,8.05,CA,1732996276
286,Laguna,38.421,-121.4238,52.61,75,0,3.44,US,1732996278
287,Constanța,44.1833,28.65,43.48,76,97,20.45,RO,1732996279
288,Am Timan,11.0297,20.2827,75.25,24,13,4.45,TD,1732996281
289,Prince Rupert,54.3161,-130.3201,39.27,100,100,8.05,CA,1732996282
290,Tromsø,69.6496,18.957,26.62,86,75,4.61,NO,1732996284
291,Al ‘Arīsh,31.1316,33.7984,62.78,67,0,6.91,EG,1732996286
292,Salym,60.0625,71.4789,23.22,85,100,9.64,RU,1732996287
293,Ha'il,27.5219,41.6907,55.42,54,0,11.5,SA,1732996289
294,Invercargill,-46.4,168.35,56.01,85,2,7.0,NZ,1732996064
295,College,64.8569,-147.8028,-10.62,69,100,3.44,US,1732996292
296,Kinmparana,12.8402,-4.9199,74.86,17,0,8.16,ML,1732996294
297,Kağızman,40.1567,43.1342,29.62,74,0,1.32,TR,1732996295
298,Suva,-18.1416,178.4415,72.88,100,75,4.61,FJ,1732996297
299,Carmo do Paranaíba,-19.0008,-46.3161,72.75,79,75,4.38,BR,1732996118
300,Preobrazheniye,42.9019,133.9064,24.8,61,1,9.06,RU,1732996300
301,Sumenep,-7.0167,113.8667,80.62,81,100,2.57,ID,1732996301
302,Kingston,17.997,-76.7936,88.75,70,40,18.41,JM,1732996140
303,Greenville,35.6127,-77.3663,46.71,34,0,6.91,US,1732995477
304,Puerto Gaitán,4.3133,-72.0816,90.28,51,93,2.66,CO,1732996306
305,Magdagachi,53.45,125.8,-11.13,94,79,4.36,RU,1732996308
306,Fortaleza,-3.7227,-38.5247,84.33,65,20,16.11,BR,1732996129
307,Sturgis,41.7992,-85.4192,25.11,64,100,13.8,US,1732996311
308,Rāmshīr,30.8946,49.4092,56.82,36,0,7.43,IR,1732996313
309,Tamanghasset,22.785,5.5228,59.61,21,0,2.77,DZ,1732996314
310,Pyapon,16.2833,95.6833,72.39,89,99,5.14,MM,1732996316
311,São José da Coroa Grande,-8.8978,-35.1478,78.87,72,47,10.36,BR,1732996317
312,Smithers,54.7804,-127.1743,21.52,93,100,4.61,CA,1732996318
313,Balsas,-7.5325,-46.0356,93.06,32,100,2.26,BR,1732996319
314,Tsiombe,-25.3,45.4833,70.34,71,0,5.35,MG,1732996320
315,Dudinka,69.4058,86.1778,10.33,82,100,27.98,RU,1732996321
316,Ban Su-ngai Pa Di,6.0724,101.8717,73.81,99,100,0.65,TH,1732996322
317,Nelson Bay,-32.7167,152.15,68.38,100,99,3.0,AU,1732996325
318,Queenstown,-31.8976,26.8753,57.67,86,66,6.69,ZA,1732996326
319,Port Lincoln,-34.7333,135.8667,57.94,91,0,8.01,AU,1732996327
320,Tabuk,17.4189,121.4443,69.62,90,100,3.13,PH,1732996328
321,Shahrak,34.1074,64.3052,32.43,73,2,1.61,AF,1732996329
322,Xai-Xai,-25.0519,33.6442,69.28,73,0,7.78,MZ,1732996330
323,Turbat,26.0023,63.044,73.51,55,0,2.21,PK,1732996332
324,Kolonia Town,6.964,158.206,82.4,89,75,5.75,FM,1732996333
325,Rio Grande,-32.035,-52.0986,68.94,63,0,12.8,BR,1732996334
326,Vadsø,70.0744,29.7487,28.56,69,20,32.21,NO,1732996335
327,Warrnambool,-38.3833,142.4833,59.58,96,100,18.68,AU,1732996336
328,Vallenar,-28.5708,-70.7581,76.59,23,0,9.78,CL,1732996337
329,Khanpur,28.6453,70.6567,66.31,26,0,3.38,PK,1732996338
330,Hammerfest,70.6634,23.6821,27.05,68,20,24.16,NO,1732996340
331,Funadhoo,6.15,73.2667,82.2,69,92,15.86,MV,1732996341
332,Petropavl,54.8753,69.1628,13.41,94,100,6.11,KZ,1732996342
333,Argostoli,38.1811,20.489,60.75,70,100,4.23,GR,1732996343
334,Bella Vista,36.4295,-94.2316,51.3,33,40,19.57,US,1732996344
335,Ende,-8.8432,121.6623,77.14,84,100,1.5,ID,1732996345
336,Horta,38.5333,-28.6333,60.03,73,40,5.99,PT,1732996347
337,Kirensk,57.7853,108.1119,-22.79,100,75,1.72,RU,1732996348
338,Benguela,-12.5763,13.4055,77.52,82,88,2.57,AO,1732996349
339,Sebring,27.4956,-81.4409,67.8,63,100,5.99,US,1732996350
340,Zhatay,62.1594,129.8294,-7.55,71,40,4.47,RU,1732996351
341,Al Hudaydah,14.7978,42.9545,81.64,69,7,4.92,YE,1732996352
342,Katima Mulilo,-17.5,24.2667,78.51,54,100,8.1,NA,1732996353
343,Shalkar,47.8288,59.6258,30.54,64,93,6.49,KZ,1732996354
344,Lagos,6.5833,3.75,77.65,64,5,3.36,NG,1732996356
345,Acaraú,-2.8856,-40.12,82.9,68,89,18.84,BR,1732996101
346,Conception Bay South,47.4999,-52.9981,39.24,95,100,6.38,CA,1732996358
347,Nicolás R Casillas,20.5333,-103.4667,78.12,29,0,0.0,MX,1732996359
348,Muli,2.9167,73.5667,82.4,70,11,20.85,MV,1732996360
349,Ambatofinandrahana,-20.55,46.8,60.21,90,100,4.83,MG,1732996361
350,Rawson,-43.3002,-65.1023,86.29,12,40,18.41,AR,1732996362
351,Rémire-Montjoly,4.9167,-52.2667,86.04,70,75,16.11,GF,1732996364
352,Princeville,45.7668,-61.2985,38.77,73,100,2.3,CA,1732996366
353,Zag,46.9441,99.165,6.03,74,100,5.26,MN,1732996368
354,Luanco,43.6152,-5.7934,62.51,82,100,5.01,ES,1732996324
355,Uturoa,-16.7333,-151.4333,81.5,75,77,9.93,PF,1732996371
356,Howard Springs,-12.497,131.047,74.98,100,100,3.36,AU,1732996372
357,Pauri,30.15,78.7833,46.27,70,0,3.8,IN,1732996373
358,Miðvágur,62.0511,-7.1939,49.03,100,100,17.27,FO,1732996374
359,Ulaanbaatar,47.9077,106.8832,14.13,62,40,13.42,MN,1732996375
360,Santa Cruz de la Sierra,-17.8,-63.1667,93.25,52,40,17.27,BO,1732996303
361,Thunder Bay,48.4001,-89.3168,21.11,63,75,16.11,CA,1732996379
362,Kenora,49.8167,-94.4337,13.17,79,75,11.5,CA,1732996380
363,Olinda,-8.0089,-34.8553,82.13,65,20,10.36,BR,1732996381
364,Kamina,-8.7386,24.9906,65.19,98,100,5.66,CD,1732996382
365,Souillac,-20.5167,57.5167,77.38,83,40,6.91,MU,1732996383
366,Gemena,3.25,19.7667,75.11,52,12,2.86,CD,1732996384
367,Conde,-7.2597,-34.9075,83.66,61,40,12.66,BR,1732996371
368,Ad Dilam,23.9915,47.1627,61.66,37,0,7.92,SA,1732996388
369,Cidreira,-30.1811,-50.2056,71.76,73,10,7.74,BR,1732996223
370,San Patricio,28.017,-97.5169,64.35,60,100,8.48,US,1732996390
371,Khovd,48.0056,91.6419,13.64,64,19,3.18,MN,1732996391
372,Khārk,29.2614,50.3306,67.03,45,0,19.13,IR,1732996392
373,Kalmunai,7.4167,81.8167,76.41,86,100,2.71,LK,1732996393
374,Tofol,5.3248,163.0078,83.07,74,93,15.97,FM,1732996395
375,Kyzyl-Suu,42.3414,78.0056,33.58,68,100,5.68,KG,1732996396
376,Senador Pompeu,-5.5881,-39.3717,96.46,25,67,6.06,BR,1732996230
377,Ventspils,57.3894,21.5606,44.53,81,100,17.27,LV,1732996398
378,Keta,5.9179,0.9879,82.9,59,100,8.72,GH,1732996399
379,Masterton,-40.9597,175.6575,62.51,69,12,2.24,NZ,1732996402
380,Marsá Maţrūḩ,31.3525,27.2453,59.2,72,0,5.75,EG,1732996403
381,Arauco,-37.2463,-73.3175,66.87,51,0,10.02,CL,1732996404
382,Kristiansund,63.1115,7.732,50.65,87,75,14.97,NO,1732996405
383,Tsimmerbude,54.675,20.1347,37.98,82,55,12.93,RU,1732996406
384,Karkira,36.9292,6.5856,61.81,80,67,3.78,DZ,1732996407
385,Kiama,-34.6833,150.8667,67.62,96,100,1.01,AU,1732996408
386,Chimoré,-16.9833,-65.1333,82.69,71,100,3.62,BO,1732996409
387,Santa Ana,33.7456,-117.8678,73.94,29,40,6.91,US,1732996411
388,Ati,13.2154,18.3353,72.88,17,18,9.75,TD,1732996412
389,Linping,30.4225,120.2972,46.35,62,2,5.48,CN,1732996413
390,Ilebo,-4.3167,20.5833,73.31,91,99,0.38,CD,1732996414
391,Dereli,40.7378,38.4493,33.51,83,25,6.17,TR,1732996415
392,Thurso,58.5927,-3.5259,53.85,83,100,16.33,GB,1732996416
393,Rosarito,32.3333,-117.0333,74.32,34,27,5.35,MX,1732996417
394,Marsa Alam,25.0757,34.8918,66.87,65,0,7.72,EG,1732996419
395,Kismayo,-0.3582,42.5454,81.19,82,6,10.36,SO,1732996420
396,San Mariano,7.5,126.0,72.81,96,97,2.1,PH,1732996421
397,Nouadhibou,20.931,-17.0347,80.58,36,95,3.44,MR,1732996422
398,Kärdla,58.9978,22.7492,44.58,81,75,11.5,EE,1732996423
399,Macao,22.2006,113.5461,60.53,82,0,6.91,MO,1732996424
400,Lázaro Cárdenas,17.9583,-102.2,83.8,62,0,11.36,MX,1732996427
401,Luoyang,34.6836,112.4536,44.33,39,0,7.52,CN,1732996428
402,Shingū,33.7333,135.9833,45.1,76,0,5.55,JP,1732996429
403,I-n-Salah,27.1935,2.4607,64.29,21,0,11.01,DZ,1732996430
404,Lerwick,60.1545,-1.1494,50.2,89,100,16.46,GB,1732996431
405,Puerto Aisén,-45.4,-72.7,54.57,85,99,6.55,CL,1732996432
406,Muroto-misakicho,33.2833,134.15,53.62,61,2,8.25,JP,1732996433
407,Rūdbār,30.15,62.6,55.92,32,0,10.31,AF,1732996435
408,Nova Sintra,14.8667,-24.7167,79.93,69,11,11.16,CV,1732996436
409,São Gabriel da Cachoeira,-0.1303,-67.0892,93.0,52,40,5.75,BR,1732996437
410,Guerrero Negro,27.9769,-114.0611,78.1,26,100,0.49,MX,1732996426
411,Itarantim,-15.6597,-40.0656,82.69,71,82,6.51,BR,1732996439
412,Vereşti,47.6,26.4333,37.65,100,75,5.75,RO,1732996440
413,Okha,53.5739,142.9478,27.28,92,100,5.1,RU,1732996441
414,Nuku'alofa,-21.1333,-175.2,75.54,94,100,8.05,TO,1732996443
415,Dapa,9.7594,126.0531,80.38,84,98,1.21,PH,1732996444
416,Olyokminsk,60.3736,120.4264,-8.82,95,100,4.12,RU,1732996445
417,Koz'modem'yansk,56.3367,46.5711,30.87,90,100,8.43,RU,1732996447
418,Al Kharj,24.155,47.3346,59.58,35,0,7.81,SA,1732996448
419,Duong Dong,10.2167,103.9667,78.8,83,20,4.61,VN,1732996449
420,Tarko-Sale,64.9225,77.785,15.4,92,100,22.7,RU,1732996451
421,Shimoda,34.6667,138.95,48.85,73,0,12.88,JP,1732996452
422,Ulladulla,-35.35,150.4667,66.06,91,100,4.9,AU,1732996453
423,Belyy Yar,53.6039,91.3903,13.89,92,75,0.0,RU,1732996454
424,Bamboo Flat,11.7,92.7167,77.09,94,75,2.3,IN,1732996455
425,Sola,-13.8833,167.55,80.92,78,16,10.67,VU,1732996456
426,Labrador City,52.9463,-66.9114,24.19,89,100,18.99,CA,1732996457
427,Hassi Messaoud,31.6804,6.0729,60.01,37,0,0.87,DZ,1732996459
428,Darnah,32.767,22.6367,64.67,57,0,23.35,LY,1732996460
429,Vila Velha,-20.3297,-40.2925,80.94,85,75,11.5,BR,1732996461
430,Härnösand,62.6323,17.9379,28.4,88,88,8.41,SE,1732996462
431,Creston,41.0586,-94.3614,26.56,33,100,8.05,US,1732996463
432,Dhalie,13.6957,44.7314,63.82,75,2,1.01,YE,1732996464
433,Revda,56.801,59.9303,27.77,89,99,11.1,RU,1732996465
434,East Wenatchee Bench,47.4257,-120.2812,34.39,79,100,1.66,US,1732996467
435,Tupanciretã,-29.0806,-53.8358,83.7,50,4,8.52,BR,1732996468
436,Grand Falls-Windsor,48.9332,-55.6649,36.5,92,44,6.17,CA,1732996469
437,Madalena,41.2162,-8.3345,63.55,70,100,4.29,PT,1732996470
438,Nogliki,51.8333,143.1667,25.23,92,100,10.56,RU,1732996471
439,Necochea,-38.5473,-58.7368,65.43,55,100,18.34,AR,1732996241
440,Tumayr,25.7039,45.868,58.42,36,48,12.55,SA,1732996473
441,Lompoc,34.6391,-120.4579,68.56,40,75,0.0,US,1732996475
442,Albina,5.5,-54.05,73.42,97,100,3.62,SR,1732996476
443,San Luis de la Loma,17.2706,-100.8939,84.4,66,16,9.46,MX,1732996477
444,Vilyuchinsk,52.9306,158.4028,34.07,94,100,5.79,RU,1732996478
445,Conduaga,8.862,117.4893,77.52,87,95,1.14,PH,1732996479
446,Barcelos,41.5388,-8.6151,61.0,79,100,7.25,PT,1732996480
447,Bikenibeu Village,1.3673,173.1241,84.16,74,40,14.97,KI,1732996481
448,Plesetsk,62.708,40.2916,22.21,94,100,7.14,RU,1732996484
449,Salahonda,2.1019,-78.7217,78.1,84,36,13.13,CO,1732996485
450,Taulaga,-11.0553,-171.0883,83.25,70,41,15.41,AS,1732996486
451,Toamasina,-18.1667,49.3833,80.6,78,75,4.61,MG,1732996487
452,Pechora,65.1472,57.2244,19.65,91,96,11.86,RU,1732996488
453,Corinth,37.9407,22.9573,57.88,75,98,5.35,GR,1732996489
454,Andergrove,-21.0833,149.1833,74.95,90,29,2.46,AU,1732996491
455,Kargil,34.5667,76.1,23.47,62,67,4.23,IN,1732996492
456,Mamfe,5.754,9.3123,80.35,49,15,3.2,CM,1732996493
457,Nizhneangarsk,55.7833,109.55,-2.13,80,44,9.22,RU,1732996494
458,Yelizovo,53.1873,158.3805,33.94,100,75,4.47,RU,1732996495
459,Galliano,29.4422,-90.2992,59.0,55,0,8.05,US,1732996496
460,Olonkinbyen,70.9221,-8.7187,12.94,64,100,15.37,SJ,1732996498
461,Sept-Îles,50.2001,-66.3821,31.62,76,75,13.8,CA,1732996367
462,Salem,11.65,78.1667,72.55,93,100,4.54,IN,1732996302
463,Achalpur,21.2572,77.5086,64.9,46,100,3.65,IN,1732996501
464,Kuching,1.55,110.3333,77.67,98,20,0.0,MY,1732996502
465,San Clemente del Tuyú,-36.3569,-56.7235,65.44,60,0,12.82,AR,1732996503
466,Saint-Pierre,-21.3393,55.4781,74.88,73,75,3.44,RE,1732996504
467,Carahue,-38.7,-73.1667,64.83,51,0,10.22,CL,1732996505
468,Hood River,45.7054,-121.5215,38.05,81,100,0.0,US,1732996507
469,Bhubaneswar,20.2333,85.8333,70.02,83,75,3.44,IN,1732996508
470,São Miguel,-5.4667,-35.3667,79.09,67,32,12.21,BR,1732996509
471,Rakops,-21.0167,24.3333,80.29,18,0,6.44,BW,1732996510
472,Humaitá,-7.5061,-63.0208,91.54,46,86,2.57,BR,1732996511
473,Kumul,42.8,93.45,25.0,77,100,3.31,CN,1732996512
474,Dubbo,-32.25,148.6167,64.53,94,40,6.91,AU,1732996513
475,Ust'-Uda,54.1742,103.0304,-7.8,99,13,3.02,RU,1732996515
476,Oyama,36.3,139.8,46.76,64,0,2.64,JP,1732996516
477,Merizo Village,13.2658,144.6691,79.34,90,100,13.27,GU,1732996517
478,El Sauzal de Rodríguez,31.9,-116.6833,68.41,99,6,5.82,MX,1732996518
479,Esim,4.8699,-2.2405,80.42,76,23,6.82,GH,1732996519
480,Codrington,-38.2667,141.9667,58.24,97,100,13.35,AU,1732996520
481,Mar del Plata,-38.0023,-57.5575,66.65,61,0,11.5,AR,1732996293
482,Todos Santos,23.45,-110.2167,75.43,71,100,6.46,MX,1732996523
483,Kavaratti,10.5669,72.642,80.98,70,100,12.88,IN,1732996524
484,Houlton,46.1262,-67.8403,33.57,75,100,12.66,US,1732996525
485,Paita,-5.0892,-81.1144,73.67,71,36,15.9,PE,1732996526
486,Shantobe,52.4581,68.1839,3.15,96,44,2.13,KZ,1732996527
487,Sorong,-0.8833,131.25,79.79,86,100,4.41,ID,1732996528
488,Sahline,35.7517,10.7111,60.66,59,20,16.11,TN,1732996529
489,Ancud,-41.8697,-73.8203,57.0,65,12,14.9,CL,1732996531
490,Coronel Dorrego,-38.7187,-61.2873,81.95,20,79,16.35,AR,1732996436
491,Berbera,10.4396,45.0143,79.5,67,85,3.8,SO,1732996533
492,Yung Shue Wan,22.2333,114.1167,63.82,70,100,9.53,HK,1732996534
493,Hotan,37.0997,79.9269,32.54,46,100,0.29,CN,1732996535
494,Katsuren-haebaru,26.3369,127.8719,59.09,82,84,4.18,JP,1732996536
495,Kotabumi,-4.8333,104.9,75.67,91,100,3.02,ID,1732996537
496,Glendive,47.1053,-104.7125,13.62,92,100,6.91,US,1732996539
497,Vilyuysk,63.7553,121.6247,-21.73,96,99,6.15,RU,1732996540
498,Santiago,-33.4569,-70.6483,76.68,31,0,19.57,CL,1732996526
499,Powell,40.1578,-83.0752,29.93,52,0,12.66,US,1732996370
500,Chifeng,42.2683,118.9636,30.69,58,0,4.23,CN,1732996543
501,Kourou,5.1552,-52.6478,80.06,80,62,7.0,GF,1732996536
502,Alofi,-19.0595,-169.9187,78.69,83,75,12.66,NU,1732996545
503,Mahalapye,-23.1041,26.8142,73.22,35,0,10.83,BW,1732996547
504,Urangan,-25.3,152.9,77.45,80,55,10.92,AU,1732996548
505,Jinchang,38.4953,102.1739,32.36,30,0,3.74,CN,1732996549
506,Semey,50.4111,80.2275,15.94,96,83,2.46,KZ,1732996550
507,Rock Springs,41.5875,-109.2029,27.84,54,0,11.5,US,1732996306
508,Letlhakeng,-24.0944,25.0298,73.42,25,3,8.39,BW,1732996552
509,Charters Towers,-20.1,146.2667,73.15,91,58,5.21,AU,1732996553
510,Kakata,6.53,-10.3517,76.5,86,16,3.24,LR,1732996555
511,Portland,45.5234,-122.6762,43.05,78,75,4.61,US,1732996150
512,Cabo San Lucas,22.8909,-109.9124,78.76,57,88,5.01,MX,1732996261
513,Bălceşti,44.6167,23.95,46.17,79,100,20.36,RO,1732996559
514,Coyuca de Benítez,17.0333,-100.0667,86.56,61,6,7.54,MX,1732996524
515,Salekhard,66.53,66.6019,23.49,87,100,9.89,RU,1732996561
516,Ixtapa,20.7,-105.2,82.22,69,20,1.99,MX,1732996529
517,Aswān,24.0934,32.907,65.5,36,0,0.0,EG,1732996564
518,São Paulo de Olivença,-3.3783,-68.8725,94.23,41,13,1.9,BR,1732996565
519,River Cess,5.46,-9.5828,80.64,81,79,9.62,LR,1732996567
520,Tashtagol,52.7657,87.8894,17.33,98,73,3.02,RU,1732996568
521,Bargaal,11.2864,51.0773,79.25,67,92,13.67,SO,1732996570
522,Khmilnyk,49.5598,27.9575,36.57,94,93,5.19,UA,1732996571
523,Yeniseysk,58.4497,92.1703,0.91,90,10,4.54,RU,1732996573
524,Luwingu,-10.2621,29.9271,62.13,97,89,5.08,ZM,1732996574
525,Poso,-1.3959,120.7524,77.36,90,100,4.14,ID,1732996575
526,Tralee,52.2704,-9.7026,54.43,88,100,9.01,IE,1732996576
527,Praia da Vitória,38.7333,-27.0667,59.25,88,40,12.46,PT,1732996578
528,Carnarvon,-24.8667,113.6333,72.64,76,52,14.2,AU,1732996579
529,Avesta,60.1455,16.1679,44.13,91,100,11.65,SE,1732996580
530,Chongwe,-15.3292,28.682,66.78,54,98,5.32,ZM,1732996581
531,Khāsh,28.2211,61.2158,49.17,43,0,5.3,IR,1732996582
532,Chadron,42.8294,-102.9999,39.96,46,0,9.22,US,1732996583
533,Lemon Grove,32.7426,-117.0314,74.66,24,0,6.91,US,1732996584
534,Kapuskasing,49.4169,-82.4331,21.2,93,100,10.36,CA,1732996321
535,Puerto El Triunfo,13.2833,-88.55,87.03,46,67,1.81,SV,1732996587
536,Waingapu,-9.6567,120.2641,82.47,77,100,2.91,ID,1732996588
537,Nguigmi,14.2495,13.1092,68.72,24,4,13.27,NE,1732996589
538,Conceição do Araguaia,-8.2578,-49.2647,88.74,55,100,1.57,BR,1732996590
539,New Kingman-Butler,35.265,-114.0323,58.21,18,100,1.99,US,1732996591
540,Neiafu,-18.65,-173.9833,77.68,94,100,6.91,TO,1732996592
541,Palmer,42.1584,-72.3287,35.28,48,75,14.97,US,1732996593
542,Thames,-37.1333,175.5333,61.21,95,100,2.73,NZ,1732996595
543,Tual,-5.6667,132.75,84.31,76,100,7.4,ID,1732996596
544,Basoko,1.2391,23.616,75.27,75,82,2.08,CD,1732996597
545,Santiago de Cao,-7.9589,-79.2392,66.33,82,0,11.5,PE,1732996598
546,Gerāsh,27.6652,54.1371,48.34,33,0,4.76,IR,1732996599
547,Woodland,38.6785,-121.7733,51.98,68,0,1.99,US,1732996459
548,El Porvenir,13.7617,-87.3458,85.01,50,100,6.76,HN,1732996601
549,Villa Regina,-39.1,-67.0667,88.32,15,33,22.57,AR,1732996603
550,Usinsk,65.9939,57.5281,20.82,95,97,17.85,RU,1732996604
551,Maloye Ganyushkino,46.6,49.2667,32.49,79,36,6.17,KZ,1732996605
552,Figuig (Centre),32.1089,-1.2286,60.91,38,51,2.95,MA,1732996606
553,Berdyaush,55.1619,59.1464,24.51,94,98,9.06,RU,1732996607
554,Meadow Lakes,61.6247,-149.6011,13.42,54,100,0.76,US,1732996608
555,Bakanas,44.8081,76.2772,41.68,85,100,6.24,KZ,1732996609
556,Juneau,58.3019,-134.4197,9.23,84,20,9.22,US,1732996551
557,Labuan,5.2767,115.2417,75.09,94,20,0.0,MY,1732996613
558,Ponnāni,10.767,75.9252,78.51,84,100,7.87,IN,1732996614
559,Yanchep,-31.55,115.6833,65.32,72,91,8.3,AU,1732996615
560,Tadine,-21.55,167.8833,76.95,81,0,11.61,NC,1732996616
561,Yeppoon,-23.1333,150.7333,74.46,86,16,2.53,AU,1732996617
562,Afif,23.9065,42.9172,67.77,45,13,5.21,SA,1732996619
563,Al Muwayh,22.4333,41.7583,70.39,43,0,7.27,SA,1732996620
564,Nova Viçosa,-17.8919,-39.3719,81.09,75,63,15.21,BR,1732996621
565,Broome,42.2506,-75.833,28.0,73,100,13.8,US,1732996622
566,Mokhsogollokh,61.4681,128.9203,-6.48,94,100,6.58,RU,1732996623
567,Newman,37.3138,-121.0208,59.0,41,23,1.03,US,1732996624
568,Pallisa,1.145,33.7094,70.57,70,70,2.37,UG,1732996625
569,Sabang,5.8933,95.3214,81.84,76,100,13.02,ID,1732996628
570,Nizhniy Odes,63.6445,54.856,23.09,91,100,11.05,RU,1732996629
571,Vorkuta,67.5,64.0,14.11,95,100,12.01,RU,1732996630
572,Arvayheer,46.2639,102.775,13.82,67,100,18.3,MN,1732996631
573,Puerto Baquerizo Moreno,-0.9,-89.6,79.79,61,40,13.8,EC,1732996632
574,Carupano,10.6678,-63.2585,86.22,61,96,9.91,VE,1732996635
575,Wellington,-41.2866,174.7756,62.26,63,25,11.5,NZ,1732996425
576,Seryshevo,51.0933,128.3786,-18.27,100,6,3.87,RU,1732996637
577,Gatesville,31.4352,-97.7439,61.12,29,0,8.05,US,1732996638
578,Kenai,60.5544,-151.2583,-0.35,92,100,8.05,US,1732996618
579,Chul'man,56.8479,124.9104,-7.49,97,100,11.16,RU,1732996641
580,Pacific Grove,36.6177,-121.9166,62.58,65,0,4.61,US,1732996398
581,Oriximiná,-1.7656,-55.8661,98.19,25,65,6.89,BR,1732996644
582,Cururupu,-1.8283,-44.8683,85.44,55,14,5.93,BR,1732996645
583,Pastavy,55.1168,26.8326,35.87,88,100,9.62,BY,1732996646
